File,Model,Created,Content
2023-11-23 19_09_04-(22) USB-C not working with external monitor _ HPOmen and 51 more pages - Person.png,gpt-4-1106-vision-preview,1700788195,"The image shows four geometric shapes aligned horizontally against a red background. From left to right, the shapes are:

1. A circle, which is a simple closed shape where all points are the same distance from the center.
2. A star shape that resembles the star of a pentagram, with five straight lines coming from the outer edges to the center, forming a five-pointed star.
3. A hexagon, which appears to be three-dimensional like a cube. This drawing uses lines to give the impression of a three-dimensional shape on a two-dimensional surface.
4. Two overlapping triangles that form a six-pointed star, also known as the Star of David. The triangles are interlaced, with one pointing upward and the other downward.

Since these are geometric shapes and not programming code, there's no Python code to solve or explain. However, if you wanted to draw similar shapes using Python, you could use libraries such as `matplotlib`, `pygame`, or `turtle` to create visual representations of these shapes.

Would you like a simple example of how you might draw a circle or a polygon in Python using one of these libraries?"
,,,
,,,
,,,
,,,
